ID,Quality,ProcessA-Pressure,ProcessA-Humidity,ProcessA-Vibration,ProcessB-Light,ProcessB-Skill,ProcessB-Temp,ProcessB-Rotation,ProcessC-Density,ProcessC-PH,ProcessC-skewness,ProcessC-Time
4000,0,6.4,0.24,0.49,5.8,0.053,25,120,0.9942,3.01,0.98,10.5
4001,0,6.4,0.24,0.49,5.8,0.053,25,120,0.9942,3.01,0.98,10.5
4002,0,6.4,0.25,0.57,1,0.062,21,122,0.99238,3,0.4,9.5
4003,0,6.1,0.25,0.48,15.8,0.052,25,94,0.99782,3.07,0.45,9.2
4004,0,6.8,0.14,0.35,1.5,0.047,40,117,0.99111,3.07,0.72,11.1
4005,1,6.5,0.38,0.26,5.2,0.042,33,112,0.99067,3.06,0.5,12.3
4006,0,6.8,0.14,0.35,1.5,0.047,40,117,0.99111,3.07,0.72,11.1
4007,0,5.4,0.15,0.32,2.5,0.037,10,51,0.98878,3.04,0.58,12.6
4008,0,6.4,0.25,0.57,1,0.062,21,122,0.99238,3,0.4,9.5
4009,0,6.1,0.25,0.48,15.8,0.052,25,94,0.99782,3.07,0.45,9.2
4010,0,6.8,0.22,0.32,5.9,0.054,40,152,0.9938,3.2,0.57,10.8
4011,0,7.2,0.21,0.29,3.1,0.044,39,122,0.99143,3,0.6,11.3
4012,1,6,0.26,0.29,3.1,0.041,37,144,0.98944,3.22,0.39,12.8
4013,0,6.4,0.24,0.49,5.8,0.053,25,120,0.9942,3.01,0.98,10.5
4014,0,6.5,0.46,0.24,11.5,0.051,56,171,0.99588,3.08,0.56,9.8
4015,0,6.5,0.18,0.48,18,0.054,56,183,1.00038,2.98,0.61,8.5
4016,0,6.2,0.32,0.12,4.8,0.054,6,97,0.99424,3.16,0.5,9.3
4017,0,7.2,0.4,0.24,8.5,0.055,45,151,0.99626,3.2,0.52,9.2
4018,0,5.9,0.23,0.24,1.6,0.037,32,115,0.99076,3.21,0.51,11.4
4019,0,6.4,0.18,0.48,18,0.054,56,183,1.00038,2.98,0.61,8.5
4020,0,6.2,0.32,0.12,4.8,0.054,6,97,0.99424,3.16,0.5,9.3
4021,0,6.4,0.37,0.12,5.9,0.056,6,91,0.99536,3.06,0.46,8.4
4022,0,7,0.23,0.42,1.1,0.062,35,100,0.99318,3.04,0.4,9.2
4023,0,7.2,0.4,0.24,8.5,0.055,45,151,0.99626,3.2,0.52,9.2
4024,0,7.6,0.19,0.37,13.1,0.033,52,151,0.99726,3.18,0.79,10.4
4025,0,6,0.28,0.27,4.1,0.046,50,147,0.99126,3.27,0.56,11.6
4026,0,6.2,0.32,0.45,2.9,0.029,37,94,0.98998,3.25,0.6,12.4
4027,0,7.6,0.19,0.37,13.1,0.033,52,151,0.99726,3.18,0.79,10.4
4028,0,6.4,0.26,0.26,1.1,0.052,22,176,0.99304,3.09,0.54,9.3
4029,0,5.9,0.25,0.27,1.5,0.029,37,81,0.9892,3.2,0.46,12.2
4030,0,6.1,0.28,0.3,7.75,0.031,33,139,0.99296,3.22,0.46,11
4031,0,6.9,0.19,0.38,1.15,0.023,30,105,0.99047,3.11,0.38,11.4
4032,0,6.4,0.29,0.57,1,0.06,15,120,0.9924,3.06,0.41,9.5
4033,0,6.8,0.27,0.22,17.8,0.034,16,116,0.9989,3.07,0.53,9.2
4034,0,7.5,0.26,0.38,5.7,0.021,23,125,0.99338,3.13,0.62,11.1
4035,0,6.8,0.27,0.22,17.8,0.034,16,116,0.9989,3.07,0.53,9.2
4036,0,6.4,0.2,0.22,7.4,0.032,53,172,0.99404,3.24,0.58,11
4037,0,7.3,0.33,0.22,1.4,0.041,40,177,0.99287,3.14,0.48,9.9
4038,0,7.3,0.34,0.22,1.4,0.044,43,176,0.99286,3.14,0.46,9.9
4039,0,6.4,0.29,0.57,1,0.06,15,120,0.9924,3.06,0.41,9.5
4040,0,6.1,1.1,0.16,4.4,0.033,8,109,0.99058,3.35,0.47,12.4
4041,0,6.3,0.24,0.29,1.6,0.052,48,185,0.9934,3.21,0.5,9.4
4042,0,6.2,0.24,0.22,7.9,0.053,45,149,0.99545,3.23,0.52,9.3
4043,1,7.4,0.16,0.27,15.5,0.05,25,135,0.9984,2.9,0.43,8.7
4044,1,7.4,0.16,0.27,15.5,0.05,25,135,0.9984,2.9,0.43,8.7
4045,1,7.4,0.16,0.27,15.5,0.05,25,135,0.9984,2.9,0.43,8.7
4046,1,7.4,0.16,0.27,15.5,0.05,25,135,0.9984,2.9,0.43,8.7
4047,1,7.2,0.17,0.28,17.55,0.05,33,154,0.99971,2.94,0.43,9
4048,0,6.9,0.19,0.35,13.5,0.038,49,118,0.99546,3,0.63,10.7
4049,0,6.9,0.19,0.35,13.5,0.038,49,118,0.99546,3,0.63,10.7
4050,0,6.8,0.16,0.36,1.3,0.034,32,98,0.99058,3.02,0.58,11.3
4051,1,7.4,0.16,0.27,15.5,0.05,25,135,0.9984,2.9,0.43,8.7
4052,0,6.8,0.3,0.27,11.6,0.028,22,97,0.99314,2.96,0.38,11.7
4053,0,6.2,0.24,0.22,7.9,0.053,45,149,0.99545,3.23,0.52,9.3
4054,1,7.4,0.16,0.27,15.5,0.05,25,135,0.9984,2.9,0.43,8.7
4055,1,7.2,0.17,0.28,17.55,0.05,33,154,0.99971,2.94,0.43,9
4056,0,6.8,0.3,0.27,11.6,0.028,22,97,0.99314,2.96,0.38,11.7
4057,0,6.5,0.43,0.18,13.15,0.032,25,131,0.99565,3.23,0.51,10.7
4058,0,6.6,0.17,0.36,1.9,0.036,38,110,0.99056,3.05,0.54,11.4
4059,0,6.9,0.19,0.35,13.5,0.038,49,118,0.99546,3,0.63,10.7
4060,0,6.8,0.16,0.36,1.3,0.034,32,98,0.99058,3.02,0.58,11.3
4061,0,6.4,0.41,0.01,6.1,0.048,20,70,0.99362,3.19,0.42,10
4062,0,6.4,0.41,0.01,6.1,0.048,20,70,0.99362,3.19,0.42,10
4063,0,7.4,0.36,0.32,1.9,0.036,27,119,0.99196,3.15,0.49,11.2
4064,0,6.1,0.17,0.21,1.9,0.09,44,130,0.99255,3.07,0.41,9.7
4065,0,5.5,0.28,0.21,1.6,0.032,23,85,0.99027,3.42,0.42,12.5
4066,1,6.6,0.5,0.26,11.3,0.029,32,110,0.99302,3.27,0.78,12.9
4067,0,7.1,0.44,0.27,8.4,0.057,60,160,0.99257,3.16,0.36,11.8
4068,0,6.9,0.38,0.28,8.3,0.062,22,166,0.99506,3.16,0.72,10.6
4069,0,7.1,0.44,0.27,8.4,0.057,60,160,0.99257,3.16,0.36,11.8
4070,0,6.2,0.24,0.28,12.2,0.049,54,133,0.9952,3.19,0.37,10.7
4071,0,6.1,0.28,0.27,8,0.048,41,162,0.99498,3.21,0.51,9.9
4072,0,7.6,0.26,0.32,1.3,0.048,23,76,0.9903,2.96,0.46,12
4073,1,7.5,0.16,0.38,12.7,0.043,70.5,163,0.99706,3.15,0.82,10.4
4074,0,6.5,0.36,0.16,1.3,0.054,11,107,0.99398,3.19,0.39,8.5
4075,0,6.6,0.35,0.19,10.5,0.06,15,82,0.99588,3.13,0.38,9.9
4076,0,5.7,0.25,0.26,12.5,0.049,52.5,120,0.99691,3.08,0.45,9.4
4077,0,7.4,0.37,0.26,9.6,0.05,33,134,0.99608,3.13,0.46,10.4
4078,0,5.7,0.25,0.21,1.5,0.044,21,108,0.99142,3.3,0.59,11
4079,0,5.8,0.23,0.21,1.5,0.044,21,110,0.99138,3.3,0.57,11
4080,0,5.4,0.265,0.28,7.8,0.052,27,91,0.99432,3.19,0.38,10.4
4081,0,5.7,0.25,0.27,10.8,0.05,58,116,0.99592,3.1,0.5,9.8
4082,0,5.7,0.25,0.26,12.5,0.049,52.5,106,0.99691,3.08,0.45,9.4
4083,0,5.9,0.23,0.28,8.6,0.046,37,142,0.99432,3.23,0.53,10.6
4084,0,6.2,0.3,0.32,1.2,0.052,32,185,0.99266,3.28,0.44,10.1
4085,1,6.5,0.33,0.24,14.5,0.048,20,96,0.99456,3.06,0.3,11.5
4086,0,7.4,0.26,0.29,3.7,0.048,14,73,0.9915,3.06,0.45,11.4
4087,0,7,0.2,0.4,1.1,0.058,30,93,0.99322,3.03,0.38,9.2
4088,0,6.5,0.21,0.42,1.1,0.059,33,101,0.9927,3.12,0.38,9.7
4089,0,7.3,0.25,0.27,3.8,0.047,16,79,0.99173,3.07,0.46,11.3
4090,0,6.8,0.27,0.24,4.6,0.098,36,127,0.99412,3.15,0.49,9.6
4091,0,6.7,0.24,0.3,10.2,0.07,44,179,0.99666,2.86,0.46,8.9
4092,0,6.4,0.14,0.28,7.9,0.057,21,82,0.99425,3.26,0.36,10
4093,0,6.4,0.5,0.2,2.4,0.059,19,112,0.99314,3.18,0.4,9.2
4094,0,6.6,0.41,0.27,10.7,0.11,20,103,0.99672,3.08,0.41,9
4095,1,6.4,0.25,0.28,4.9,0.03,29,98,0.99024,3.09,0.58,12.8
4096,0,6.6,0.41,0.27,10.7,0.11,20,103,0.99672,3.08,0.41,9
4097,0,8,0.25,0.35,1.1,0.054,13,136,0.99366,3.08,0.55,9.5
4098,0,6.4,0.14,0.28,7.9,0.057,21,82,0.99425,3.26,0.36,10
4099,0,6.6,0.21,0.34,5.6,0.046,30,140,0.99299,3.22,0.38,11
4100,0,6.4,0.5,0.2,2.4,0.059,19,112,0.99314,3.18,0.4,9.2
4101,0,6.3,0.29,0.23,14.2,0.037,24,99,0.99528,3.08,0.38,10.6
4102,0,6.9,0.37,0.23,9.5,0.057,54,166,0.99568,3.23,0.42,10
4103,0,6.9,0.37,0.23,9.5,0.057,54,166,0.99568,3.23,0.42,10
4104,1,5.7,0.31,0.28,4.1,0.03,22,86,0.99062,3.31,0.38,11.7
4105,1,6.9,0.45,0.27,4.7,0.035,17,80,0.99058,3.12,0.36,12.5
4106,1,6.9,0.3,0.45,1.4,0.039,36,122,0.99059,3.07,0.47,11.1
4107,0,5.3,0.23,0.56,0.9,0.041,46,141,0.99119,3.16,0.62,9.7
4108,0,6.8,0.3,0.26,20.3,0.037,45,150,0.99727,3.04,0.38,12.3
4109,0,6.7,0.28,0.42,3.5,0.035,43,105,0.99021,3.18,0.38,12.2
4110,0,5,0.255,0.22,2.7,0.043,46,153,0.99238,3.75,0.76,11.3
4111,0,7.6,0.4,0.27,1.2,0.053,23,193,0.99164,3.22,0.38,11.6
4112,0,5.5,0.21,0.25,1.2,0.04,18,75,0.99006,3.31,0.56,11.3
4113,0,6,0.2,0.25,2,0.041,30,95,0.99078,3.27,0.56,11.1
4114,0,6.1,0.17,0.29,1.1,0.041,32,92,0.99036,3.26,0.57,11.2
4115,0,7.5,0.21,0.29,1.5,0.046,35,107,0.99123,3.15,0.45,11.3
4116,0,7.3,0.26,0.32,1.2,0.041,29,94,0.98978,3.07,0.45,12
4117,0,6.2,0.35,0.2,18.1,0.069,33,158,0.99908,3.15,0.5,8.8
4118,0,6.2,0.35,0.2,18.1,0.069,33,158,0.99908,3.15,0.5,8.8
4119,1,6.5,0.43,0.31,3.6,0.046,19,143,0.99022,3.15,0.34,12
4120,1,6.5,0.4,0.31,3.5,0.046,22,147,0.99024,3.15,0.31,12
4121,0,7.4,0.28,0.5,12.1,0.049,48,122,0.9973,3.01,0.44,9
4122,0,6.3,0.23,0.22,17.45,0.054,42,151,0.99853,3.12,0.6,9.3
4123,0,6.2,0.34,0.25,12.1,0.059,33,171,0.99769,3.14,0.56,8.7
4124,0,6.6,0.44,0.32,3,0.095,13,75,0.98954,3.1,0.63,12.8
4125,1,6,0.13,0.36,1.6,0.052,23,72,0.98974,3.1,0.5,11.5
4126,0,6.3,0.17,0.23,5.7,0.048,44,147,0.99382,3.08,0.54,10
4127,0,6.3,0.18,0.22,5.6,0.047,45,147,0.99383,3.09,0.54,10
4128,0,6.7,0.31,0.34,6.8,0.059,51,215,0.99538,3.33,0.56,10.3
4129,0,6.6,0.33,0.32,15.6,0.054,62,227,0.99734,3.25,0.56,10.4
4130,1,6.3,0.34,0.31,6,0.02,18,68,0.98981,3.22,0.29,13.4
4131,0,6.8,0.29,0.32,1.8,0.032,18,130,0.99095,3.05,0.62,11.2
4132,0,7.4,0.31,0.26,8.6,0.048,47,206,0.9964,3.26,0.36,9.1
4133,0,7.4,0.31,0.26,8.6,0.048,47,206,0.9964,3.26,0.36,9.1
4134,0,5.7,0.25,0.27,11.5,0.04,24,120,0.99411,3.33,0.31,10.8
4135,0,6.8,0.27,0.28,7.8,0.038,26,89,0.9915,3.24,0.34,12.5
4136,0,5.9,0.26,0.24,2.4,0.046,27,132,0.99234,3.63,0.73,11.3
4137,0,5.9,0.65,0.23,5,0.035,20,128,0.99016,3.46,0.48,12.8
4138,0,7.4,0.31,0.26,8.6,0.048,47,206,0.9964,3.26,0.36,9.1
4139,0,6.6,0.23,0.32,1.5,0.041,8,72,0.98949,3.22,0.39,12.7
4140,1,6.8,0.18,0.35,5.4,0.054,53,143,0.99287,3.1,0.54,11
4141,0,6.8,0.28,0.29,11.9,0.052,51,149,0.99544,3.02,0.58,10.4
4142,0,6.8,0.28,0.29,11.9,0.052,51,149,0.99544,3.02,0.58,10.4
4143,0,5.9,0.27,0.27,9,0.051,43,136,0.9941,3.25,0.53,10.7
4144,0,6.1,0.25,0.28,10,0.055,56,131,0.994,3.22,0.35,10.9
4145,0,6.8,0.28,0.29,11.9,0.052,51,149,0.99544,3.02,0.58,10.4
4146,0,6.8,0.26,0.29,11.9,0.052,54,160,0.99546,3.03,0.58,10.4
4147,1,7.1,0.13,0.29,15.5,0.064,56,115.5,0.99737,3.16,0.41,9.7
4148,1,6.8,0.18,0.35,5.4,0.054,53,143,0.99287,3.1,0.54,11
4149,0,6.2,0.2,0.25,15,0.055,8,120,0.99767,3.19,0.53,9.6
4150,1,5.8,0.24,0.28,1.4,0.038,40,76,0.98711,3.1,0.29,13.9
4151,0,7.6,0.48,0.31,9.4,0.046,6,194,0.99714,3.07,0.61,9.4
4152,0,7.4,0.26,0.32,3.7,0.032,29,193,0.99134,3.1,0.67,12.5
4153,0,6.2,0.2,0.25,15,0.055,8,120,0.99767,3.19,0.53,9.6
4154,0,6.1,0.3,0.47,1.4,0.049,50,187,0.9927,3.19,0.45,9.5
4155,0,6.2,0.32,0.5,6.5,0.048,61,186,0.9948,3.19,0.45,9.6
4156,0,6.1,0.3,0.47,1.4,0.049,50,187,0.9927,3.19,0.45,9.5
4157,0,6.3,0.34,0.52,6.3,0.047,63,186,0.99481,3.18,0.44,9.6
4158,1,7.4,0.16,0.3,13.7,0.056,33,168,0.99825,2.9,0.44,8.7
4159,1,7.4,0.16,0.3,13.7,0.056,33,168,0.99825,2.9,0.44,8.7
4160,1,7.4,0.16,0.3,13.7,0.056,33,168,0.99825,2.9,0.44,8.7
4161,1,7.4,0.16,0.3,13.7,0.056,33,168,0.99825,2.9,0.44,8.7
4162,1,7.4,0.16,0.3,13.7,0.056,33,168,0.99825,2.9,0.44,8.7
4163,1,7.4,0.16,0.3,13.7,0.056,33,168,0.99825,2.9,0.44,8.7
4164,0,7.2,0.26,0.38,1.5,0.061,12,120,0.99192,3.18,0.46,10.4
4165,0,7,0.31,0.35,1.6,0.063,13,119,0.99184,3.22,0.5,10.7
4166,1,6.6,0.22,0.35,1.4,0.05,23,83,0.99019,3.17,0.48,12
4167,1,5.8,0.23,0.31,3.5,0.044,35,158,0.98998,3.19,0.37,12.1
4168,1,6.3,0.17,0.32,1,0.04,39,118,0.98886,3.31,0.4,13.1
4169,0,6,0.19,0.26,1.4,0.039,30,104,0.98998,3.32,0.41,12.4
4170,1,6.7,0.21,0.34,1.5,0.035,45,123,0.98949,3.24,0.36,12.6
4171,1,7.4,0.16,0.3,13.7,0.056,33,168,0.99825,2.9,0.44,8.7
4172,0,6.6,0.22,0.37,1.6,0.04,31,101,0.99009,3.15,0.66,12
4173,0,6.8,0.34,0.27,5.2,0.06,14,169,0.99252,3.27,0.57,11.6
4174,0,7.1,0.34,0.86,1.4,0.174,36,99,0.99288,2.92,0.5,9.3
4175,0,6.3,0.24,0.22,11.9,0.05,65,179,0.99659,3.06,0.58,9.3
4176,1,6.9,0.35,0.39,2.4,0.048,25,157,0.99133,3.2,0.54,11.1
4177,0,6.8,0.24,0.33,3.2,0.049,68,161,0.99324,3.1,0.69,10.2
4178,0,6.4,0.25,0.33,1.7,0.037,35,113,0.99164,3.23,0.66,10.6
4179,1,5.8,0.19,0.33,4.2,0.038,49,133,0.99107,3.16,0.42,11.3
4180,0,6.9,0.24,0.4,15.4,0.052,81,198,0.9986,3.2,0.69,9.4
4181,0,6.5,0.31,0.61,13,0.053,31,123,0.99708,3.09,0.5,9.3
4182,0,6.6,0.25,0.32,5.6,0.039,15,68,0.99163,2.96,0.52,11.1
4183,0,7.5,0.38,0.56,9.7,0.055,15,170,0.99605,3.13,0.65,9.9
4184,1,6.2,0.3,0.3,2.5,0.041,29,82,0.99065,3.31,0.61,11.8
4185,1,6.4,0.33,0.28,4,0.04,24,81,0.9903,3.26,0.64,12.6
4186,0,6.9,0.24,0.4,15.4,0.052,81,198,0.9986,3.2,0.69,9.4
4187,0,7.6,0.27,0.32,1.2,0.043,23,72,0.99236,3.06,0.68,10.5
4188,0,5.9,0.24,0.34,2,0.037,40,108,0.98948,3.19,0.5,12.3
4189,0,5.3,0.33,0.3,1.2,0.048,25,119,0.99045,3.32,0.62,11.3
4190,0,6.4,0.21,0.21,5.1,0.097,21,105,0.9939,3.07,0.46,9.6
4191,0,7,0.22,0.3,1.4,0.04,14,63,0.98985,3.2,0.33,12
4192,0,7.8,0.27,0.35,1.2,0.05,36,140,0.99138,3.09,0.45,11.2
4193,0,6.7,0.2,0.24,6.5,0.044,28,100,0.99348,3.12,0.33,10.2
4194,0,8.1,0.27,0.33,1.3,0.045,26,100,0.99066,2.98,0.44,12.4
4195,0,6.7,0.2,0.24,6.5,0.044,28,100,0.99348,3.12,0.33,10.2
4196,1,7.1,0.45,0.24,2.7,0.04,24,87,0.98862,2.94,0.38,13.4
4197,0,5.8,0.22,0.29,1.3,0.036,25,68,0.98865,3.24,0.35,12.6
4198,0,6.3,0.3,0.48,7.4,0.053,34,149,0.99472,3.18,0.53,9.8
4199,0,7.9,0.36,0.53,12.9,0.049,63,139,0.99792,2.94,0.45,9.1
4200,0,8.1,0.27,0.33,1.3,0.045,26,100,0.99066,2.98,0.44,12.4
4201,0,8,0.24,0.33,1.2,0.044,28,101,0.99035,3.03,0.43,12.5
4202,0,6.7,0.41,0.27,2.6,0.033,25,85,0.99086,3.05,0.34,11.7
4203,0,6.7,0.24,0.31,2.3,0.044,37,113,0.99013,3.29,0.46,12.9
4204,0,6.2,0.3,0.32,1.3,0.054,27,183,0.99266,3.3,0.43,10.1
4205,0,6.9,0.26,0.38,10.5,0.044,33,139,0.99517,3.06,0.5,10.3
4206,0,6.7,0.41,0.27,2.6,0.033,25,85,0.99086,3.05,0.34,11.7
4207,0,5.9,0.32,0.2,14.4,0.05,29,144,0.99666,3.24,0.41,10.3
4208,1,6.1,0.25,0.3,1.2,0.036,42,107,0.991,3.34,0.56,10.8
4209,0,5.6,0.23,0.29,3.1,0.023,19,89,0.99068,3.25,0.51,11.2
4210,0,6.6,0.23,0.32,1.7,0.024,26,102,0.99084,3.29,0.6,11.8
4211,0,6,0.17,0.21,6,0.05,26,134,0.9939,3.08,0.54,9.8
4212,0,7.1,0.38,0.42,11.8,0.041,32,193,0.99624,3.04,0.49,10
4213,0,6.6,0.31,0.37,6.2,0.052,13,164,0.99602,3.24,0.39,8.8
4214,0,6.5,0.38,0.53,1.4,0.142,5,69,0.9926,3.14,0.52,10.1
4215,0,7,0.44,0.24,12.1,0.056,68,210,0.99718,3.05,0.5,9.5
4216,0,7,0.44,0.24,12.1,0.056,68,210,0.99718,3.05,0.5,9.5
4217,0,7,0.44,0.24,12.1,0.056,68,210,0.99718,3.05,0.5,9.5
4218,0,6.1,0.38,0.14,3.9,0.06,27,113,0.99344,3.07,0.34,9.2
4219,0,8,0.33,0.32,4.6,0.041,31,180,0.99184,2.92,0.74,12.2
4220,0,7,0.44,0.24,12.1,0.056,68,210,0.99718,3.05,0.5,9.5
4221,0,6,0.19,0.29,1.2,0.046,29,92,0.99033,3.22,0.53,11.3
4222,0,6.3,0.28,0.34,8.1,0.038,44,129,0.99248,3.26,0.29,12.1
4223,0,6.1,0.38,0.14,3.9,0.06,27,113,0.99344,3.07,0.34,9.2
4224,0,5.3,0.43,0.11,1.1,0.029,6,51,0.99076,3.51,0.48,11.2
4225,1,5.4,0.22,0.35,6.5,0.029,26,87,0.99092,3.29,0.44,12.5
4226,0,6.2,0.345,0.27,10.1,0.056,38,187,0.99486,3.31,0.56,10.6
4227,1,5.6,0.255,0.57,10.7,0.056,66,171,0.99464,3.25,0.61,10.4
4228,1,5.2,0.2,0.27,3.2,0.047,16,93,0.99235,3.44,0.53,10.1
4229,0,6.2,0.29,0.23,12.4,0.048,33,201,0.99612,3.11,0.56,9.9
4230,0,6.3,0.26,0.25,5.2,0.046,11,133,0.99202,2.97,0.68,11
4231,0,6,0.22,0.23,5,0.045,10,122,0.99261,2.94,0.63,10
4232,0,7.5,0.35,0.37,2.5,0.066,29,89,0.98964,3.14,0.42,12.7
4233,0,6.6,0.39,0.28,9.2,0.036,10,92,0.99206,3.07,0.35,12.1
4234,0,6.3,0.23,0.33,6.9,0.052,23,118,0.9938,3.23,0.46,10.4
4235,0,6.3,0.22,0.3,2,0.05,23,120,0.99204,3.24,0.47,10.4
4236,0,6.4,0.29,0.18,15,0.04,21,116,0.99736,3.14,0.5,9.2
4237,0,6.4,0.29,0.18,15,0.04,21,116,0.99736,3.14,0.5,9.2
4238,0,7.5,0.23,0.3,1.2,0.03,27,80,0.99192,3.05,0.68,10.5
4239,0,6.4,0.29,0.18,15,0.04,21,116,0.99736,3.14,0.5,9.2
4240,1,5.7,0.28,0.36,1.8,0.041,38,90,0.99002,3.27,0.98,11.9
4241,0,6.5,0.26,0.24,10.8,0.042,47,130,0.996,3.08,0.4,10.1
4242,0,6.4,0.27,0.29,3.9,0.034,62,140,0.99237,3.1,0.59,11.1
4243,1,5.9,0.22,0.29,4.2,0.037,69,144,0.99214,3.13,0.74,10.8
4244,0,6.8,0.26,0.26,2,0.019,23.5,72,0.99041,3.16,0.47,11.8
4245,0,7.6,0.36,0.48,13.5,0.038,44,116,0.9982,3.04,0.48,9.2
4246,0,7.6,0.35,0.47,13.3,0.037,42,116,0.99822,3.04,0.5,9.2
4247,0,5.7,0.18,0.26,2.2,0.023,21,95,0.9893,3.07,0.54,12.3
4248,0,6.6,0.36,0.47,1.4,0.145,26,124,0.99274,3.09,0.56,10.1
4249,0,5.9,0.14,0.2,1.6,0.04,26,114,0.99105,3.25,0.45,11.4
4250,0,5.5,0.23,0.19,2.2,0.044,39,161,0.99209,3.19,0.43,10.4
4251,0,6.7,0.11,0.26,14.8,0.053,44,95,0.99676,3.2,0.35,9.8
4252,0,7,0.24,0.24,1.8,0.047,29,91,0.99251,3.3,0.43,9.9
4253,0,6.7,0.11,0.26,14.8,0.053,44,95,0.99676,3.2,0.35,9.8
4254,0,5.3,0.47,0.1,1.3,0.036,11,74,0.99082,3.48,0.54,11.2
4255,0,7.5,0.29,0.24,9.9,0.058,25,115,0.99567,3.15,0.46,10.9
4256,0,6,0.33,0.26,5.1,0.051,16,119,0.99416,3.15,0.41,9.2
4257,0,6,0.33,0.26,5.1,0.051,16,119,0.99416,3.15,0.41,9.2
4258,0,5.8,0.32,0.23,1.5,0.033,39,121,0.9887,2.96,0.35,12
4259,0,5.8,0.3,0.23,1.5,0.034,37,121,0.98871,2.96,0.34,12.1
4260,0,3.8,0.31,0.02,11.1,0.036,20,114,0.99248,3.75,0.44,12.4
4261,0,6.2,0.36,0.22,5.25,0.038,44,145,0.99184,3.22,0.4,11.2
4262,1,6,0.31,0.27,2.3,0.042,19,120,0.98952,3.32,0.41,12.7
4263,0,6.9,0.52,0.54,7.9,0.036,23,169,0.99267,3.26,0.47,12.2
4264,0,7,0.55,0.05,8,0.036,19,164,0.99269,3.26,0.46,12.2
4265,0,5.8,0.2,0.16,1.4,0.042,44,99,0.98912,3.23,0.37,12.2
4266,0,6.2,0.36,0.22,5.25,0.038,44,145,0.99184,3.22,0.4,11.2
4267,1,6,0.31,0.27,2.3,0.042,19,120,0.98952,3.32,0.41,12.7
4268,1,6,0.29,0.27,2.3,0.044,20,117,0.9895,3.31,0.41,12.7
4269,0,5.7,0.22,0.29,3.5,0.04,27,146,0.98999,3.17,0.36,12.1
4270,0,7.1,0.46,0.23,13.7,0.045,44,192,0.9981,3.11,0.53,9.4
4271,0,6.6,0.21,0.3,9.9,0.041,64,174,0.995,3.07,0.5,10.1
4272,0,6.9,0.42,0.2,15.4,0.043,57,201,0.99848,3.08,0.54,9.4
4273,0,5.7,0.22,0.2,16,0.044,41,113,0.99862,3.22,0.46,8.9
4274,0,5.7,0.22,0.2,16,0.044,41,113,0.99862,3.22,0.46,8.9
4275,0,5.7,0.22,0.2,16,0.044,41,113,0.99862,3.22,0.46,8.9
4276,0,5.7,0.22,0.2,16,0.044,41,113,0.99862,3.22,0.46,8.9
4277,1,5.2,0.31,0.2,2.4,0.027,27,117,0.98886,3.56,0.45,13
4278,0,7.2,0.22,0.35,5.5,0.054,37,183,0.99474,3.08,0.5,10.3
4279,0,5.6,0.18,0.29,2.3,0.04,5,47,0.99126,3.07,0.45,10.1
4280,0,6.2,0.24,0.27,16.8,0.04,48,129,0.99691,3.23,0.38,10.5
4281,0,5.7,0.22,0.2,16,0.044,41,113,0.99862,3.22,0.46,8.9
4282,0,5.7,0.26,0.24,17.8,0.059,23,124,0.99773,3.3,0.5,10.1
4283,0,5.7,0.26,0.24,17.8,0.059,23,124,0.99773,3.3,0.5,10.1
4284,0,6,0.2,0.26,6.8,0.049,22,93,0.9928,3.15,0.42,11
4285,0,6,0.2,0.26,6.8,0.049,22,93,0.9928,3.15,0.42,11
4286,0,6,0.2,0.26,6.8,0.049,22,93,0.9928,3.15,0.42,11
4287,0,6,0.2,0.26,6.8,0.049,22,93,0.9928,3.15,0.42,11
4288,0,7.6,0.28,0.17,1.6,0.046,28,117,0.99288,3.08,0.43,10
4289,0,7,0.2,0.33,4.7,0.03,25,76,0.99202,2.88,0.54,10.5
4290,0,6.6,0.26,0.27,11.8,0.048,28,112,0.99606,2.87,0.49,9.7
4291,0,5.7,0.26,0.24,17.8,0.059,23,124,0.99773,3.3,0.5,10.1
4292,0,7.2,0.21,0.36,15.7,0.045,68,183,0.99922,3.25,0.76,9.4
4293,0,6.9,0.22,0.32,5.8,0.041,20,119,0.99296,3.17,0.55,11.2
4294,0,7.2,0.21,0.36,15.7,0.045,68,183,0.99922,3.25,0.76,9.4
4295,0,7.4,0.22,0.28,9,0.046,22,121,0.99468,3.1,0.55,10.8
4296,0,7.2,0.21,0.36,15.7,0.045,68,183,0.99922,3.25,0.76,9.4
4297,0,6.9,0.22,0.32,5.8,0.041,20,119,0.99296,3.17,0.55,11.2
4298,0,7,0.2,0.35,8.8,0.037,31,103,0.99388,3.13,0.49,11
4299,0,5.6,0.26,0,10.2,0.038,13,111,0.99315,3.44,0.46,12.4
4300,0,6.3,0.28,0.3,6.6,0.208,60,154,0.99478,3.1,0.4,9.4
4301,0,6.4,0.29,0.3,6.5,0.209,62,156,0.99478,3.1,0.4,9.4
4302,0,7.2,0.34,0.23,8.9,0.105,22,155,0.99692,3.01,0.58,9.5
4303,0,7.1,0.39,0.39,11.1,0.034,25,204,0.99616,3.05,0.52,10
4304,0,6.9,0.26,0.29,4.2,0.043,33,114,0.9902,3.16,0.31,12.5
4305,0,6.1,0.24,0.25,1.6,0.044,24,115,0.9921,3.39,0.59,10.9
4306,0,5.9,0.25,0.24,7.4,0.044,21,113,0.99462,3.38,0.58,10.5
4307,0,6.1,0.24,0.27,11.5,0.05,51,133,0.99476,3.22,0.37,10.8
4308,1,6.5,0.22,0.27,1.6,0.039,36,116,0.99178,3.38,0.57,11
4309,0,6.2,0.26,0.29,2,0.036,16,87,0.99081,3.33,0.61,11.8
4310,0,6.6,0.34,0.25,4.8,0.038,16,121,0.99198,3.36,0.71,12.6
4311,0,5.6,0.225,0.24,9.8,0.054,59,140,0.99545,3.17,0.39,10.2
4312,0,7.1,0.23,0.28,1.9,0.046,33,103,0.98997,3.12,0.31,12
4313,0,6.9,0.26,0.29,4.2,0.043,33,114,0.9902,3.16,0.31,12.5
4314,0,6.4,0.27,0.3,1.6,0.04,19,86,0.99089,3.32,0.65,11.5
4315,1,6.3,0.41,0.22,7.3,0.035,23,117,0.99172,3.2,0.39,11.94
4316,1,6.7,0.41,0.24,5.4,0.035,33,115,0.9901,3.12,0.44,12.89333333
4317,0,7.2,0.585,0.2,10.4,0.086,17,94,0.99681,3.13,0.4,9.4
4318,1,6.7,0.34,0.26,1.9,0.038,58,138,0.9893,3,0.47,12.2
4319,1,6.3,0.41,0.22,7.3,0.035,23,117,0.99172,3.2,0.39,11.94
4320,1,6.7,0.41,0.24,5.4,0.035,33,115,0.9901,3.12,0.44,12.89333333
4321,0,6.4,0.26,0.35,7.7,0.056,45,191,0.99527,3.16,0.5,9.5
4322,0,6.3,0.28,0.22,11.5,0.036,27,150,0.99445,3,0.33,10.6
4323,1,7.4,0.16,0.33,1.2,0.042,47,121,0.99198,3.04,0.68,10.5
4324,0,8.4,0.27,0.3,2.2,0.037,36,129,0.99085,2.89,0.3,11.46666667
4325,0,5.9,0.2,0.28,1,0.043,45,100,0.99033,3.4,0.41,11.4
4326,0,6.4,0.24,0.26,8.2,0.054,47,182,0.99538,3.12,0.5,9.5
4327,0,7.4,0.38,0.34,8.3,0.052,44,168,0.99627,3.11,0.52,9.2
4328,0,6.4,0.24,0.26,8.2,0.054,47,182,0.99538,3.12,0.5,9.5
4329,0,6.4,0.42,0.19,9.3,0.043,28,145,0.99433,3.23,0.53,10.98
4330,0,6.4,0.23,0.26,8.1,0.054,47,181,0.9954,3.12,0.49,9.4
4331,0,6.4,0.24,0.26,8.2,0.054,47,182,0.99538,3.12,0.5,9.5
4332,0,7.4,0.38,0.34,8.3,0.052,44,168,0.99627,3.11,0.52,9.2
4333,1,7.3,0.19,0.27,13.9,0.057,45,155,0.99807,2.94,0.41,8.8
4334,1,7.3,0.19,0.27,13.9,0.057,45,155,0.99807,2.94,0.41,8.8
4335,1,7.3,0.19,0.27,13.9,0.057,45,155,0.99807,2.94,0.41,8.8
4336,1,7.3,0.19,0.27,13.9,0.057,45,155,0.99807,2.94,0.41,8.8
4337,1,7.3,0.19,0.27,13.9,0.057,45,155,0.99807,2.94,0.41,8.8
4338,1,7.3,0.19,0.27,13.9,0.057,45,155,0.99807,2.94,0.41,8.8
4339,1,7.3,0.19,0.27,13.9,0.057,45,155,0.99807,2.94,0.41,8.8
4340,1,6.8,0.24,0.29,2,0.044,15,96,0.99232,3.23,0.64,10.4
4341,1,7.3,0.19,0.27,13.9,0.057,45,155,0.99807,2.94,0.41,8.8
4342,0,7.4,0.27,0.52,15.7,0.054,36,139,0.99788,3.04,0.62,10.03333333
4343,0,5.7,0.28,0.35,1.2,0.052,39,141,0.99108,3.44,0.69,11.3
4344,0,5.8,0.22,0.25,1.5,0.024,21,109,0.99234,3.37,0.58,10.4
4345,0,6.7,0.27,0.69,1.2,0.176,36,106,0.99288,2.96,0.43,9.2
4346,0,7.1,0.2,0.35,3.2,0.034,21,107,0.99195,3.11,0.54,11.1
4347,0,6.7,0.27,0.69,1.2,0.176,36,106,0.99288,2.96,0.43,9.2
4348,1,7.1,0.23,0.3,2.6,0.034,62,148,0.99121,3.03,0.56,11.3
4349,0,7.6,0.31,0.52,13.2,0.042,61,148,0.99839,2.98,0.47,9.1
4350,0,7.2,0.34,0.28,10.4,0.108,43,187,0.99738,2.96,0.57,9.4
4351,0,7,0.36,0.25,5.7,0.015,14,73,0.98963,2.82,0.59,13.2
4352,0,6.4,0.31,0.28,2.5,0.039,34,137,0.98946,3.22,0.38,12.7
4353,0,7.3,0.28,0.35,1.6,0.054,31,148,0.99178,3.18,0.47,10.7
4354,0,7.4,0.16,0.3,1.4,0.064,34,166,0.99136,3.11,0.42,11.43333333
4355,0,6.4,0.31,0.27,7.4,0.049,48,169,0.99323,3.27,0.45,11.1
4356,0,6.4,0.31,0.28,2.5,0.039,34,137,0.98946,3.22,0.38,12.7
4357,0,6.2,0.29,0.29,5.6,0.046,35,178,0.99313,3.25,0.51,10.53333333
4358,0,5.9,0.28,0.34,3.6,0.04,50,194,0.9912,3.31,0.52,11.6
4359,0,6.5,0.23,0.2,7.5,0.05,44,179,0.99504,3.18,0.48,9.533333333
4360,0,7.2,0.34,0.2,5.8,0.062,52,203,0.99461,3.17,0.44,9.8
4361,0,7.3,0.28,0.35,1.6,0.054,31,148,0.99178,3.18,0.47,10.7
4362,0,6.5,0.2,0.33,1.5,0.039,36,110,0.99008,3.22,0.65,12
4363,0,6.2,0.24,0.27,2.9,0.039,30,123,0.98959,3.12,0.37,12.8
4364,0,7.1,0.31,0.25,11.2,0.048,32,136,0.99663,3.14,0.4,9.5
4365,0,6.4,0.29,0.21,9.65,0.041,36,119,0.99334,2.99,0.34,10.93333333
4366,0,6.3,0.19,0.33,10.1,0.063,63,133,0.99561,2.86,0.41,9.1
4367,0,5.9,0.29,0.28,3.2,0.035,16,117,0.98959,3.26,0.42,12.6
4368,0,7.1,0.31,0.25,11.2,0.048,32,136,0.99663,3.14,0.4,9.5
4369,0,6.5,0.3,0.28,11.45,0.041,29,109,0.99418,2.98,0.3,10.9
4370,0,6.4,0.29,0.21,9.65,0.041,36,119,0.99334,2.99,0.34,10.93333333
4371,0,6.5,0.22,0.19,4.5,0.096,16,115,0.9937,3.02,0.44,9.6
4372,0,7,0.23,0.28,2.7,0.053,16,92,0.99372,3.18,0.56,9.3
4373,0,7.1,0.23,0.23,3.5,0.038,23,112,0.99157,3.05,0.37,11.36666667
4374,0,6.1,0.26,0.28,1.7,0.043,24,98,0.98918,3.14,0.44,12.5
4375,0,6.4,0.35,0.21,2.1,0.051,46,171,0.9932,3.16,0.5,9.5
4376,0,6,0.32,0.32,4.8,0.041,40,186,0.99235,3.22,0.54,11
4377,0,6.1,0.34,0.21,5,0.042,17,133,0.99373,3.02,0.53,9.4
4378,0,6.5,0.13,0.27,2.6,0.035,32,76,0.9914,3.21,0.76,11.33333333
4379,0,6.5,0.315,0.2,6.6,0.041,9,126,0.99494,2.94,0.51,8.8
4380,0,6.1,0.34,0.21,5,0.042,17,133,0.99373,3.02,0.53,9.4
4381,0,5.7,0.31,0.29,7.3,0.05,33,143,0.99332,3.31,0.5,11.06666667
4382,0,6.4,0.3,0.27,5,0.058,27,151,0.99198,3.22,0.49,12.2
4383,0,7,0.24,0.26,1.7,0.041,31,110,0.99142,3.2,0.53,11
4384,0,6.5,0.13,0.27,2.6,0.035,32,76,0.9914,3.21,0.76,11.33333333
4385,0,6.4,0.26,0.21,8.2,0.05,51,182,0.99542,3.23,0.48,9.5
4386,0,6.4,0.26,0.21,8.2,0.05,51,182,0.99542,3.23,0.48,9.5
4387,0,6,0.27,0.31,5,0.043,54,170,0.9924,3.28,0.52,11
4388,0,7.1,0.21,0.33,1.2,0.039,34,97,0.99112,3.11,0.75,11.2
4389,0,6.7,0.26,0.29,7.1,0.036,28,100,0.99534,3.08,0.36,9.3
4390,0,6.3,0.28,0.22,9.5,0.04,30,111,0.99338,3.05,0.31,10.8
4391,0,6.2,0.25,0.44,15.8,0.057,39,167,0.99804,3.14,0.51,9.2
4392,0,7.3,0.22,0.37,15.5,0.048,70,203,0.99899,3.25,0.77,9.4
4393,0,6.2,0.25,0.44,15.8,0.057,39,167,0.99804,3.14,0.51,9.2
4394,0,6.4,0.18,0.28,17.05,0.047,53,139,0.99724,3.25,0.35,10.5
4395,0,6.3,0.2,0.26,12.7,0.046,60,143,0.99526,3.26,0.35,10.8
4396,0,6.6,0.24,0.22,12.3,0.051,35,146,0.99676,3.1,0.67,9.4
4397,0,7.4,0.27,0.26,11.8,0.053,55,173,0.99699,3.11,0.6,9.8
4398,0,7.4,0.27,0.26,11.8,0.053,55,173,0.99699,3.11,0.6,9.8
4399,0,7.4,0.27,0.26,11.8,0.053,55,173,0.99699,3.11,0.6,9.8
4400,0,6.6,0.24,0.22,12.3,0.051,35,146,0.99676,3.1,0.67,9.4
4401,0,7.4,0.27,0.26,11.8,0.053,55,173,0.99699,3.11,0.6,9.8
4402,0,7.1,0.38,0.29,13.6,0.041,30,137,0.99461,3.02,0.96,12.1
4403,0,6.8,0.43,0.26,5.2,0.043,40,176,0.99116,3.17,0.41,12.3
4404,0,5.2,0.22,0.46,6.2,0.066,41,187,0.99362,3.19,0.42,9.733333333
4405,0,5.9,0.29,0.16,7.9,0.044,48,197,0.99512,3.21,0.36,9.4
4406,0,5.9,0.29,0.16,7.9,0.044,48,197,0.99512,3.21,0.36,9.4
4407,1,6.3,0.29,0.29,3.3,0.037,32,140,0.9895,3.17,0.36,12.8
4408,0,6.3,0.19,0.32,2.8,0.046,18,80,0.99043,2.92,0.47,11.05
4409,0,5.7,0.29,0.16,7.9,0.044,48,197,0.99512,3.21,0.36,9.4
4410,1,6.3,0.29,0.29,3.3,0.037,32,140,0.9895,3.17,0.36,12.8
4411,0,5.7,0.24,0.47,6.3,0.069,35,182,0.99391,3.11,0.46,9.733333333
4412,1,5.8,0.3,0.38,4.9,0.039,22,86,0.98963,3.23,0.58,13.1
4413,1,7.1,0.27,0.27,10.4,0.041,26,114,0.99335,3.04,0.52,11.5
4414,1,5.8,0.3,0.38,4.9,0.039,22,86,0.98963,3.23,0.58,13.1
4415,1,7.1,0.27,0.27,10.4,0.041,26,114,0.99335,3.04,0.52,11.5
4416,0,6.3,0.305,0.22,16,0.061,26,141,0.99824,3.08,0.5,9.1
4417,0,5.7,0.24,0.47,6.3,0.069,35,182,0.99391,3.11,0.46,9.75
4418,0,6.2,0.22,0.28,2.2,0.04,24,125,0.9917,3.19,0.48,10.5
4419,0,6.6,0.22,0.23,17.3,0.047,37,118,0.99906,3.08,0.46,8.8
4420,0,6.6,0.22,0.23,17.3,0.047,37,118,0.99906,3.08,0.46,8.8
4421,0,6.6,0.22,0.23,17.3,0.047,37,118,0.99906,3.08,0.46,8.8
4422,0,6.6,0.22,0.23,17.3,0.047,37,118,0.99906,3.08,0.46,8.8
4423,0,6.2,0.22,0.28,2.2,0.04,24,125,0.9917,3.19,0.48,10.5
4424,0,6.2,0.22,0.28,2.2,0.04,24,125,0.9917,3.19,0.48,10.5
4425,0,6.6,0.22,0.23,17.3,0.047,37,118,0.99906,3.08,0.46,8.8
4426,0,6.1,0.22,0.5,6.6,0.045,30,122,0.99415,3.22,0.49,9.9
4427,0,6.2,0.21,0.52,6.5,0.047,28,123,0.99418,3.22,0.49,9.9
4428,0,6.3,0.32,0.26,12.3,0.044,24,205,0.99611,3.11,0.58,9.9
4429,0,6.9,0.44,0.27,5,0.038,33,166,0.99124,3.2,0.42,12.2
4430,0,6.1,0.31,0.34,2.8,0.042,59.5,162,0.99179,3.27,0.47,10.8
4431,0,8.1,0.36,0.59,13.6,0.051,60,134,0.99886,2.96,0.39,8.7
4432,0,6.6,0.38,0.28,2.8,0.043,17,67,0.98924,3.21,0.47,13.2
4433,0,6.7,0.24,0.26,5.4,0.03,15,94,0.99045,3.15,0.38,12.7
4434,0,6.9,0.56,0.26,10.9,0.06,55,193,0.9969,3.21,0.44,9.4
4435,0,7.2,0.24,0.24,1.7,0.045,18,161,0.99196,3.25,0.53,11.2
4436,0,6.5,0.29,0.3,9.15,0.051,25,166,0.99339,3.24,0.56,11.33333333
4437,0,6.7,0.28,0.28,4.5,0.051,14,92,0.99224,3.36,0.58,11.9
4438,0,6.5,0.29,0.3,9.15,0.051,25,166,0.99339,3.24,0.56,11.35
4439,0,6.1,0.21,0.19,1.4,0.046,51,131,0.99184,3.22,0.39,10.5
4440,0,7.2,0.47,0.16,5.9,0.048,14,125,0.99428,3.09,0.49,9.8
4441,0,6.7,0.34,0.31,16.4,0.051,20,146,0.99834,3.06,0.54,9.1
4442,0,6.6,0.27,0.25,1.2,0.033,36,111,0.98918,3.16,0.37,12.4
4443,0,6.7,0.34,0.31,16.4,0.051,20,146,0.99834,3.06,0.54,9.1
4444,0,7.2,0.47,0.16,5.9,0.048,14,125,0.99428,3.09,0.49,9.8
4445,0,5,0.35,0.25,7.8,0.031,24,116,0.99241,3.39,0.4,11.3
4446,0,5,0.35,0.25,7.8,0.031,24,116,0.99241,3.39,0.4,11.3
4447,0,4.4,0.46,0.1,2.8,0.024,31,111,0.98816,3.48,0.34,13.1
4448,0,6.6,0.38,0.29,2.9,0.035,15,101,0.98916,3.04,0.37,12.5
4449,0,7.3,0.3,0.25,2.5,0.045,32,122,0.99329,3.18,0.54,10.3
4450,0,6.4,0.28,0.22,12.8,0.039,51,150,0.99535,3.23,0.43,10.7
4451,0,6.9,0.29,0.25,12.2,0.04,29,136,0.99552,3.05,0.65,10.4
4452,0,6.3,0.3,0.19,7.7,0.049,47,184,0.99514,3.22,0.48,9.5
4453,0,6.3,0.39,0.22,2.8,0.048,53,173,0.99304,3.24,0.45,9.8
4454,0,6.6,0.38,0.29,2.9,0.035,15,101,0.98916,3.04,0.37,12.5
4455,0,6.6,0.18,0.26,17.3,0.051,17,149,0.9984,3,0.43,9.4
4456,0,6,0.28,0.29,19.3,0.051,36,174,0.99911,3.14,0.5,9
4457,0,6,0.28,0.29,19.3,0.051,36,174,0.99911,3.14,0.5,9
4458,0,6,0.28,0.29,19.3,0.051,36,174,0.99911,3.14,0.5,9
4459,1,6.6,0.35,0.26,2.7,0.045,19,129,0.98952,3.24,0.48,13
4460,0,5.9,0.22,0.18,6.4,0.041,28,120,0.99403,3.27,0.5,9.9
4461,0,6.6,0.18,0.26,17.3,0.051,17,149,0.9984,3,0.43,9.4
4462,0,7.7,0.28,0.24,2.4,0.044,29,157,0.99312,3.27,0.56,10.6
4463,0,7.1,0.42,0.2,2.8,0.038,28,109,0.98968,3.23,0.47,13.4
4464,0,6.7,0.32,0.32,1.7,0.031,31,114,0.98946,3.12,0.35,12.5
4465,0,6.6,0.26,0.56,15.4,0.053,32,141,0.9981,3.11,0.49,9.3
4466,0,6.6,0.26,0.56,15.4,0.053,32,141,0.9981,3.11,0.49,9.3
4467,0,6.2,0.32,0.24,4.1,0.051,34,149,0.99306,3.36,0.52,11
4468,0,6.3,0.25,0.27,6.6,0.054,40,158,0.99378,3.2,0.48,10.3
4469,0,6.2,0.21,0.24,1.2,0.051,31,95,0.99036,3.24,0.57,11.3
4470,0,6.4,0.23,0.27,2.1,0.042,35,100,0.99094,3.03,0.63,10.9
4471,0,4.7,0.145,0.29,1,0.042,35,90,0.9908,3.76,0.49,11.3
4472,0,6.2,0.2,0.28,1.1,0.039,24,78,0.9899,3.36,0.47,12.1
4473,0,7,0.28,0.28,1.4,0.039,12,83,0.99173,3.18,0.65,11.1
4474,0,7.1,0.36,0.2,1.6,0.271,24,140,0.99356,3.11,0.63,9.8
4475,0,5.7,0.25,0.22,9.8,0.049,50,125,0.99571,3.2,0.45,10.1
4476,0,5.7,0.22,0.33,1.9,0.036,37,110,0.98945,3.26,0.58,12.4
4477,0,6,0.2,0.38,1.3,0.034,37,104,0.98865,3.11,0.52,12.7
4478,0,6.4,0.32,0.26,7.9,0.05,53,180,0.99514,3.14,0.5,9.6
4479,0,6.4,0.32,0.26,7.9,0.05,53,180,0.99514,3.14,0.5,9.6
4480,0,6,0.555,0.26,4.5,0.053,17,126,0.9943,3.24,0.46,9.1
4481,0,5.9,0.22,0.45,22.6,0.12,55,122,0.99636,3.1,0.35,12.8
4482,0,6.4,0.32,0.26,7.9,0.05,53,180,0.99514,3.14,0.5,9.6
4483,0,6.2,0.3,0.33,3.5,0.037,37,155,0.98987,3.18,0.37,12.4
4484,0,5.8,0.28,0.18,1.2,0.058,7,108,0.99288,3.23,0.58,9.55
4485,0,5.8,0.555,0.26,4.5,0.053,17,126,0.9943,3.24,0.46,9.1
4486,0,6.7,0.31,0.33,2,0.033,12,74,0.99064,3.29,0.65,12.5
4487,0,6.4,0.15,0.25,7.8,0.05,13,68,0.99394,3.16,0.4,9.9
4488,0,6.4,0.13,0.28,0.9,0.045,32,87,0.99175,3.47,0.52,11.2
4489,0,6.7,0.48,0.49,2.9,0.03,28,122,0.98926,3.13,0.4,13
4490,0,6.7,0.48,0.49,2.9,0.03,28,122,0.98926,3.13,0.4,13
4491,0,5.8,0.3,0.33,3.5,0.033,25,116,0.99057,3.2,0.44,11.7
4492,0,6.1,0.28,0.23,4.2,0.038,13,95,0.98898,2.97,0.7,13.1
4493,0,6,0.19,0.37,9.7,0.032,17,50,0.9932,3.08,0.66,12
4494,0,6.8,0.31,0.25,10.5,0.043,30,165,0.9972,3.36,0.55,10.55
4495,0,7.5,0.24,0.29,1.1,0.046,34,84,0.9902,3.04,0.39,11.45
4496,0,6.8,0.23,0.39,16.1,0.053,71,194,0.9988,3.18,0.64,10.2
4497,0,7.5,0.24,0.29,1.1,0.046,34,84,0.9902,3.04,0.39,11.45
4498,0,6.3,0.29,0.3,8.1,0.212,60,150,0.9958,3.1,0.4,9.3
4499,0,6.8,0.2,0.25,6.2,0.052,22,106,0.9935,3.09,0.54,10.8
4500,0,5.2,0.38,0.26,7.7,0.053,20,103,0.9925,3.27,0.45,12.2
4501,0,7.8,0.27,0.33,2.4,0.053,36,175,0.992,3.2,0.55,11
4502,0,6.6,0.54,0.21,16.3,0.055,41,182,0.9986,3.35,0.54,10.4
4503,0,7.1,0.25,0.31,2.3,0.05,32,156,0.9914,3.14,0.51,11.4
4504,1,5.8,0.61,0.01,8.4,0.041,31,104,0.9909,3.26,0.72,14.05
4505,0,6.5,0.32,0.23,8.5,0.051,20,138,0.9943,3.03,0.42,10.7
4506,0,6.4,0.28,0.23,6,0.051,50,162,0.994,3.15,0.52,10.2
4507,0,6.6,0.19,0.28,1.1,0.044,38,100,0.9904,3.22,0.69,11.2
4508,0,5.1,0.305,0.13,1.75,0.036,17,73,0.99,3.4,0.51,12.33333333
4509,0,5.8,0.26,0.3,2.6,0.034,75,129,0.9902,3.2,0.38,11.5
4510,0,6.7,0.23,0.17,1.3,0.061,14,100,0.9925,3.07,0.55,9.5
4511,0,6.8,0.33,0.3,2.1,0.047,35,147,0.9886,3.24,0.56,13.4
4512,0,6.1,0.27,0.32,1.1,0.034,24,110,0.9898,3.36,0.4,12.5
4513,0,6.1,0.27,0.32,1.1,0.034,24,110,0.9898,3.36,0.4,12.5
4514,0,6.8,0.4,0.29,2.8,0.044,27,97,0.9904,3.12,0.42,11.2
4515,0,6.1,0.4,0.18,9,0.051,28.5,259,0.9964,3.19,0.5,8.8
4516,0,7.1,0.28,0.26,2.8,0.039,50,118,0.9908,3.06,0.59,11.2
4517,0,6.2,0.32,0.32,2.2,0.036,15,70,0.9899,3.16,0.48,12.7
4518,0,6.8,0.17,0.17,5.1,0.049,26,82,0.993,3,0.38,9.8
4519,0,9,0.2,0.33,3.5,0.049,10,40,0.9944,3.14,0.36,9.8
4520,0,5.8,0.13,0.22,12.7,0.058,24,183,0.9956,3.32,0.42,11.7
4521,0,5.8,0.31,0.31,7.5,0.052,55,230,0.9949,3.19,0.46,9.8
4522,0,6.3,0.36,0.2,2,0.048,48,191,0.9929,3.17,0.51,9.6
4523,0,9,0.2,0.33,3.5,0.049,10,40,0.9944,3.14,0.36,9.8
4524,0,6.7,0.18,0.25,14.3,0.048,79,149,0.9975,3.12,0.37,9.7
4525,0,6.6,0.16,0.25,9.8,0.049,59.5,137,0.995,3.16,0.38,10
4526,0,5.8,0.13,0.22,12.7,0.058,24,183,0.9956,3.32,0.42,11.7
4527,0,5.8,0.27,0.22,12.7,0.058,42,206,0.9946,3.32,0.38,12.3
4528,0,6.8,0.17,0.17,5.1,0.049,26,82,0.993,3,0.38,9.8
4529,0,6.4,0.37,0.19,3.5,0.068,18,101,0.9934,3.03,0.38,9
4530,0,7.3,0.26,0.53,12.7,0.047,60.5,164.5,0.9984,3.06,0.45,9.1
4531,0,7.3,0.28,0.54,12.9,0.049,62,162.5,0.9984,3.06,0.45,9.1
4532,0,7.3,0.28,0.54,12.9,0.049,62,162.5,0.9984,3.06,0.45,9.1
4533,0,5.8,0.12,0.21,1.3,0.056,35,121,0.9908,3.32,0.33,11.4
4534,0,6.1,0.25,0.18,10.5,0.049,41,124,0.9963,3.14,0.35,10.5
4535,0,6.4,0.24,0.27,1.5,0.04,35,105,0.98914,3.13,0.3,12.4
4536,0,7.3,0.26,0.53,12.7,0.047,60.5,156,0.9984,3.06,0.45,9.1
4537,0,7.3,0.28,0.54,12.9,0.049,62,152,0.9984,3.06,0.45,9.1
4538,0,8.3,0.18,0.37,1.2,0.049,6,94,0.9937,3.18,0.52,10.1
4539,0,7.1,0.09,0.3,6.2,0.032,24,134,0.993,2.99,0.39,10.9
4540,0,8.3,0.14,0.36,8.8,0.026,13,60,0.9956,3.13,0.35,11.05
4541,0,5.8,0.28,0.3,3.9,0.026,36,105,0.98963,3.26,0.58,12.75
4542,0,6,0.23,0.34,1.3,0.025,23,111,0.98961,3.36,0.37,12.7
4543,0,6.9,0.28,0.37,9.1,0.037,16,76,0.9948,3.05,0.54,11.1
4544,0,6.9,0.28,0.37,9.1,0.037,16,76,0.9948,3.05,0.54,11.1
4545,0,5.8,0.28,0.3,3.9,0.026,36,105,0.98963,3.26,0.58,12.75
4546,0,6.3,0.25,0.53,1.8,0.021,41,101,0.989315,3.19,0.31,13
4547,0,6.5,0.2,0.31,2.1,0.033,32,95,0.989435,2.96,0.61,12
4548,0,5.9,0.29,0.32,1.4,0.022,17,47,0.9899,3.35,0.35,11.5
4549,0,6.4,0.46,0.22,14.7,0.047,51,183,0.998275,3.39,0.6,10.5
4550,0,6.9,0.28,0.37,9.1,0.037,16,76,0.9948,3.05,0.54,11.1
4551,0,6.8,0.23,0.33,1.9,0.047,20,101,0.9914,3.1,0.46,11.1
4552,0,7,0.23,0.32,1.8,0.048,25,113,0.9915,3.11,0.47,11.1
4553,0,6.4,0.55,0.26,9.6,0.027,20,104,0.9924,3.22,0.73,13.1
4554,0,5.7,0.28,0.3,3.9,0.026,36,105,0.98963,3.26,0.58,12.75
4555,0,6,0.23,0.34,1.3,0.025,23,111,0.98961,3.36,0.37,12.7
4556,0,6.8,0.45,0.3,11.8,0.094,23,97,0.997,3.09,0.44,9.6
4557,0,6.1,0.2,0.4,1.9,0.028,32,138,0.9914,3.26,0.72,11.7
4558,0,6.1,0.37,0.46,12,0.042,61,210,0.997,3.17,0.59,9.7
4559,0,5.9,0.21,0.23,7.9,0.033,22,130,0.9944,3.38,0.59,10.9
4560,1,6.9,0.22,0.32,9.3,0.04,22,110,0.9958,3.34,0.54,10.7
4561,0,5.4,0.27,0.22,4.6,0.022,29,107,0.98889,3.33,0.54,13.8
4562,0,6,0.26,0.26,2.2,0.035,10,72,0.989465,3.11,0.48,12.15
4563,1,5.6,0.18,0.3,10.2,0.028,28,131,0.9954,3.49,0.42,10.8
4564,1,5.6,0.26,0.27,10.6,0.03,27,119,0.9947,3.4,0.34,10.7
4565,1,7,0.23,0.35,1.4,0.036,31,113,0.9912,3.16,0.48,10.8
4566,0,5.8,0.28,0.66,9.1,0.039,26,159,0.9965,3.66,0.55,10.8
4567,0,8.6,0.36,0.26,11.1,0.03,43.5,171,0.9948,3.03,0.49,12
4568,0,5.8,0.28,0.66,9.1,0.039,26,159,0.9965,3.66,0.55,10.8
4569,0,6.4,0.3,0.27,4.4,0.055,17,135,0.9925,3.23,0.44,12.2
4570,0,6.2,0.2,0.32,2.8,0.05,17,126,0.9936,3.18,0.55,9.4
4571,0,5.8,0.29,0.15,1.1,0.029,12,83,0.9898,3.3,0.4,11.4
4572,1,5.7,0.22,0.28,1.3,0.027,26,101,0.98948,3.35,0.38,12.5
4573,1,5.6,0.22,0.32,1.2,0.024,29,97,0.98823,3.2,0.46,13.05
4574,0,6.8,0.32,0.23,3.3,0.026,31,99,0.9896,3.1,0.4,12.4
4575,1,6.2,0.2,0.26,9.7,0.03,39,102,0.9908,3.08,0.56,12.9
4576,1,6.1,0.35,0.24,2.3,0.034,25,133,0.9906,3.34,0.59,12
4577,0,5.9,0.3,0.29,1.1,0.036,23,56,0.9904,3.19,0.38,11.3
4578,0,6.3,0.15,0.34,11.4,0.05,25,96,0.99754,3.21,0.49,10
4579,1,4.8,0.13,0.32,1.2,0.042,40,98,0.9898,3.42,0.64,11.8
4580,0,6,0.2,0.26,14.7,0.045,53,125,0.998365,2.99,0.69,9.4
4581,0,5.7,0.2,0.24,13.8,0.047,44,112,0.99837,2.97,0.66,8.8
4582,0,6,0.27,0.26,1.3,0.038,32,138,0.99125,3.46,0.43,11.1
4583,0,6.3,0.37,0.51,6.3,0.048,35,146,0.9943,3.1,1.01,10.5
4584,0,6.4,0.23,0.37,7.9,0.05,60,150,0.99488,2.86,0.49,9.3
4585,0,5.9,0.34,0.25,2,0.042,12,110,0.99034,3.02,0.54,11.4
4586,0,5,0.33,0.23,11.8,0.03,23,158,0.99322,3.41,0.64,11.8
4587,0,5.4,0.29,0.38,1.2,0.029,31,132,0.98895,3.28,0.36,12.4
4588,0,8,0.33,0.35,10,0.035,22,108,0.99457,3.12,0.36,11.6
4589,0,6.4,0.3,0.33,5.2,0.05,30,137,0.99304,3.26,0.58,11.1
4590,0,5.4,0.29,0.38,1.2,0.029,31,132,0.98895,3.28,0.36,12.4
4591,0,6.4,0.33,0.3,7.2,0.041,42,168,0.99331,3.22,0.49,11.1
4592,0,7,0.33,0.78,9.9,0.042,21,251,0.99435,3.01,0.55,11
4593,0,6.7,0.45,0.3,5.3,0.036,27,165,0.99122,3.12,0.46,12.2
4594,0,6.5,0.36,0.31,13.55,0.053,20,113,0.99544,3.2,0.56,11
4595,0,5.8,0.42,0.3,2.2,0.035,26,129,0.989,3.32,0.47,12.9
4596,0,7.1,0.39,0.3,9.9,0.037,29,124,0.99414,3.07,0.42,10.9
4597,0,6.7,0.53,0.29,4.3,0.069,20,114,0.99014,3.22,0.59,13.4
4598,0,6.7,0.66,0,13,0.033,32,75,0.99551,3.15,0.5,10.7
4599,0,6.5,0.36,0.31,13.55,0.053,20,113,0.99544,3.2,0.56,11
4600,1,6.5,0.16,0.33,1,0.027,23,75,0.9908,3.3,0.39,11.4
4601,0,8.3,0.22,0.34,1.1,0.043,20,116,0.9927,3,0.47,10.2
4602,0,6.9,0.23,0.35,6.9,0.03,45,116,0.99244,2.8,0.54,11
4603,0,6.4,0.17,0.34,13.4,0.044,45,139,0.99752,3.06,0.43,9.1
4604,0,5,0.33,0.18,4.6,0.032,40,124,0.99114,3.18,0.4,11
4605,0,6.8,0.38,0.29,9.9,0.037,40,146,0.99326,3.11,0.37,11.5
4606,0,6.5,0.29,0.32,3,0.036,38,93,0.9906,3.16,0.59,12
4607,0,6.9,0.29,0.32,5.8,0.04,16,112,0.993,3.04,0.58,11.2
4608,0,6.6,0.28,0.3,12.9,0.033,31,177,0.99479,3.12,0.39,11.2
4609,1,6.2,0.36,0.27,3.2,0.032,13,73,0.98942,2.9,0.69,12.6
4610,0,6,0.615,0.04,0.8,0.032,8,50,0.99036,3.14,0.4,11
4611,0,5.9,0.44,0.36,2.5,0.03,12,73,0.99201,3.22,0.48,10.8
4612,0,5.9,0.42,0.36,2.4,0.034,19,77,0.99184,3.25,0.48,10.9
4613,0,5.8,0.34,0.21,7.2,0.041,48,146,0.99441,3.16,0.49,9.8
4614,0,5.8,0.27,0.2,7.3,0.04,42,145,0.99442,3.15,0.48,9.8
4615,0,7.1,0.33,0.18,6.3,0.094,27,166,0.99474,2.9,0.49,9.5
4616,1,6.1,0.44,0.28,4.25,0.032,43,132,0.9916,3.26,0.47,11.26666667
4617,0,7.3,0.28,0.37,1.2,0.039,26,99,0.99198,3.01,0.62,10.8
4618,1,5.2,0.5,0.18,2,0.036,23,129,0.98949,3.36,0.77,13.4
4619,1,6.1,0.44,0.28,4.25,0.032,43,132,0.9916,3.26,0.47,11.3
4620,0,6.4,0.62,0.12,4.7,0.06,33,196,0.99556,3.22,0.48,8.9
4621,0,6.4,0.38,0.19,4.5,0.038,36,119,0.99151,3.07,0.42,11.2
4622,1,7.5,0.305,0.38,1.4,0.047,30,95,0.99158,3.22,0.52,11.5
4623,1,6.5,0.5,0.22,4.1,0.036,35,131,0.9902,3.26,0.55,13
4624,0,6.6,0.4,0.3,5.3,0.038,20,125,0.99204,3.36,0.73,12.6
4625,0,6.4,0.4,0.25,4.2,0.032,15,91,0.98988,3.26,0.52,13.1
4626,0,8.3,0.49,0.23,6.65,0.034,6,158,0.99344,3.05,0.48,11.2
4627,0,6.3,0.3,0.91,8.2,0.034,50,199,0.99394,3.39,0.49,11.7
4628,0,6.1,0.19,0.37,2.6,0.041,24,99,0.99153,3.18,0.5,10.9
4629,0,6.1,0.19,0.37,2.6,0.041,24,99,0.99153,3.18,0.5,10.9
4630,1,5.6,0.24,0.34,2,0.041,14,73,0.98981,3.04,0.45,11.6
4631,1,5.7,0.25,0.32,12.2,0.041,43,127,0.99524,3.23,0.53,10.4
4632,1,6.6,0.21,0.39,2.3,0.041,31,102,0.99221,3.22,0.58,10.9
4633,0,6.3,0.3,0.91,8.2,0.034,50,199,0.99394,3.39,0.49,11.7
4634,0,6.2,0.28,0.41,5,0.043,50,188,0.99318,3.23,0.64,10.8
4635,0,5.8,0.29,0.38,10.7,0.038,49,136,0.99366,3.11,0.59,11.2
4636,0,5.8,0.345,0.15,10.8,0.033,26,120,0.99494,3.25,0.49,10
4637,0,6.5,0.51,0.25,1.7,0.048,39,177,0.99212,3.28,0.57,10.56666667
4638,0,6,0.24,0.41,1.3,0.036,42,118,0.99018,3.04,0.64,11.73333333
4639,0,6.5,0.51,0.25,1.7,0.048,39,177,0.99212,3.28,0.57,10.6
4640,0,6.9,0.54,0.26,12.7,0.049,59,195,0.99596,3.26,0.54,10.5
4641,0,6,0.24,0.41,1.3,0.036,42,118,0.99018,3.04,0.64,11.75
4642,0,6.6,0.26,0.36,1.2,0.035,43,126,0.99094,3.01,0.63,11.4
4643,1,5.7,0.24,0.3,1.3,0.03,25,98,0.98968,3.37,0.43,12.4
4644,0,6.5,0.21,0.35,5.7,0.043,47,197,0.99392,3.24,0.5,10.1
4645,0,6.8,0.29,0.22,3.4,0.035,40,122,0.99024,3.09,0.47,12.3
4646,1,5,0.24,0.34,1.1,0.034,49,158,0.98774,3.32,0.32,13.1
4647,1,5.9,0.18,0.28,1,0.037,24,88,0.99094,3.29,0.55,10.65
4648,1,5.8,0.26,0.29,1,0.042,35,101,0.99044,3.36,0.48,11.4
4649,0,6.7,0.61,0.21,1.65,0.117,40,240,0.9938,3.11,0.57,9.3
4650,0,5.7,0.695,0.06,6.8,0.042,9,84,0.99432,3.44,0.44,10.2
4651,0,5.6,0.695,0.06,6.8,0.042,9,84,0.99432,3.44,0.44,10.2
4652,1,5.7,0.39,0.25,4.9,0.033,49,113,0.98966,3.26,0.58,13.1
4653,0,6.1,0.38,0.47,1.4,0.051,59,210,0.99309,3.24,0.5,9.6
4654,1,6.3,0.36,0.28,2.5,0.035,18,73,0.98868,3.1,0.47,12.8
4655,1,6,0.29,0.41,10.8,0.048,55,149,0.9937,3.09,0.59,10.96666667
4656,1,6,0.29,0.41,10.8,0.048,55,149,0.9937,3.09,0.59,10.96666667
4657,1,6,0.29,0.41,10.8,0.048,55,149,0.9937,3.09,0.59,10.96666667
4658,1,6,0.29,0.41,10.8,0.048,55,149,0.9937,3.09,0.59,11
4659,0,7.1,0.43,0.25,2.8,0.036,43,132,0.98975,3.21,0.47,13.4
4660,0,6.6,0.25,0.25,1.3,0.04,28,85,0.98984,2.87,0.48,11.2
4661,0,6.6,0.33,0.41,2,0.027,14,79,0.99063,3.27,0.63,12.4
4662,0,8,0.23,0.41,1.1,0.048,35,150,0.99168,3.09,0.47,11.2
4663,0,7.3,0.17,0.36,8.2,0.028,44,111,0.99272,3.14,0.41,12.4
4664,1,6,0.17,0.33,6,0.036,30,111,0.99362,3.32,0.58,10.13333333
4665,1,6.1,0.16,0.34,6.1,0.034,31,114,0.99365,3.32,0.58,10.13333333
4666,0,7.3,0.17,0.36,8.2,0.028,44,111,0.99272,3.14,0.41,12.4
4667,0,6.4,0.31,0.53,8.8,0.057,36,221,0.99642,3.17,0.44,9.1
4668,1,6.1,0.16,0.34,6.1,0.034,31,114,0.99365,3.32,0.58,10.15
4669,1,6,0.17,0.33,6,0.036,30,111,0.99362,3.32,0.58,10.15
4670,0,5.9,0.44,0.33,1.2,0.049,12,117,0.99134,3.46,0.44,11.5
4671,0,6.6,0.285,0.49,11.4,0.035,57,137,0.99732,3.08,0.54,8.9
4672,0,4.9,0.335,0.14,1.3,0.036,69,168,0.99212,3.47,0.46,10.46666667
4673,0,4.9,0.335,0.14,1.3,0.036,69,168,0.99212,3.47,0.46,10.46666667
4674,1,6,0.28,0.52,6.2,0.028,37,104,0.99161,3.28,0.51,11.8
4675,1,5.8,0.35,0.29,3.2,0.034,41,151,0.9912,3.35,0.58,11.63333333
4676,0,5.7,0.21,0.37,4.5,0.04,58,140,0.99332,3.29,0.62,10.6
4677,0,6.5,0.25,0.32,9.9,0.045,41,128,0.99636,3.18,0.52,9.6
4678,1,6,0.28,0.52,6.2,0.028,37,104,0.99161,3.28,0.51,11.8
4679,0,6.6,0.285,0.49,11.4,0.035,57,137,0.99732,3.08,0.54,8.9
4680,0,4.7,0.335,0.14,1.3,0.036,69,168,0.99212,3.47,0.46,10.5
4681,0,6.8,0.63,0.04,1.3,0.058,25,133,0.99271,3.17,0.39,10.2
4682,0,5.6,0.27,0.37,0.9,0.025,11,49,0.98845,3.29,0.33,13.1
4683,0,6.8,0.32,0.33,0.7,0.027,15,66,0.9899,3.11,0.31,11.8
4684,0,6.5,0.33,0.32,1,0.041,39,120,0.99004,3.06,0.37,12.2
4685,0,6,0.24,0.34,1,0.036,52,184,0.99097,3.44,0.44,11.45
4686,0,7.2,0.26,0.32,10.4,0.062,23,114,0.9966,3.23,0.49,10.5
4687,0,6.8,0.63,0.04,1.3,0.058,25,133,0.99271,3.17,0.39,10.2
4688,0,6.7,0.16,0.32,12.5,0.035,18,156,0.99666,2.88,0.36,9
4689,0,6.7,0.16,0.32,12.5,0.035,18,156,0.99666,2.88,0.36,9
4690,0,6.7,0.16,0.32,12.5,0.035,18,156,0.99666,2.88,0.36,9
4691,0,6.7,0.16,0.32,12.5,0.035,18,156,0.99666,2.88,0.36,9
4692,1,6.9,0.19,0.31,19.25,0.043,38,167,0.99954,2.93,0.52,9.1
4693,0,6,0.36,0.32,1.1,0.053,26,173,0.99414,3.38,0.54,8.8
4694,0,6.7,0.16,0.32,12.5,0.035,18,156,0.99666,2.88,0.36,9
4695,1,6.9,0.19,0.31,19.25,0.043,38,167,0.99954,2.93,0.52,9.1
4696,1,6.7,0.35,0.32,9,0.032,29,113,0.99188,3.13,0.65,12.9
4697,0,6.1,0.15,0.4,1.2,0.03,19,84,0.98926,3.19,0.96,13
4698,1,6.7,0.35,0.32,9,0.032,29,113,0.99188,3.13,0.65,12.9
4699,0,7,0.27,0.74,1.3,0.173,34,121,0.99334,3.04,0.46,9.2
4700,0,6.8,0.3,0.33,12.8,0.041,60,168,0.99659,3.1,0.56,9.8
4701,0,6.8,0.3,0.33,12.8,0.041,60,168,0.99659,3.1,0.56,9.8
4702,0,6.4,0.69,0.09,7.6,0.044,34,144,0.9948,3.26,0.38,10.1
4703,0,6.4,0.69,0.09,7.6,0.044,34,144,0.9948,3.26,0.38,10.1
4704,1,5.9,0.12,0.28,1.4,0.037,36,83,0.99074,3.33,0.42,10.9
4705,0,6.3,0.36,0.5,8.3,0.053,51,202,0.9955,3.2,0.51,9.6
4706,0,5.7,0.27,0.16,9,0.053,32,111,0.99474,3.36,0.37,10.4
4707,1,6.1,0.22,0.4,1.85,0.031,25,111,0.98966,3.03,0.3,11.8
4708,0,5.6,0.205,0.16,12.55,0.051,31,115,0.99564,3.4,0.38,10.8
4709,0,7.2,0.33,0.28,1.4,0.034,26,109,0.99246,3.28,0.57,10.6
4710,0,5.9,0.21,0.31,1.8,0.033,45,142,0.98984,3.35,0.5,12.7
4711,1,5.4,0.33,0.31,4,0.03,27,108,0.99031,3.3,0.43,12.2
4712,0,5.4,0.205,0.16,12.55,0.051,31,115,0.99564,3.4,0.38,10.8
4713,0,5.7,0.27,0.16,9,0.053,32,111,0.99474,3.36,0.37,10.4
4714,0,6.4,0.28,0.28,3,0.04,19,98,0.99216,3.25,0.47,11.1
4715,1,6.1,0.22,0.4,1.85,0.031,25,111,0.98966,3.03,0.3,11.8
4716,0,6.7,0.15,0.32,7.9,0.034,17,81,0.99512,3.29,0.31,10
4717,0,5.5,0.315,0.38,2.6,0.033,10,69,0.9909,3.12,0.59,10.8
4718,0,4.8,0.225,0.38,1.2,0.074,47,130,0.99132,3.31,0.4,10.3
4719,0,5.2,0.24,0.15,7.1,0.043,32,134,0.99378,3.24,0.48,9.9
4720,0,6.7,0.15,0.32,7.9,0.034,17,81,0.99512,3.29,0.31,10
4721,0,6.6,0.27,0.32,1.3,0.044,18,93,0.99044,3.11,0.56,12.25
4722,0,6.1,0.32,0.33,10.7,0.036,27,98,0.99521,3.34,0.52,10.2
4723,0,6,0.25,0.28,7.7,0.053,37,132,0.99489,3.06,0.5,9.4
4724,0,6.4,0.42,0.46,8.4,0.05,58,180,0.99495,3.18,0.46,9.7
4725,0,6.1,0.32,0.33,10.7,0.036,27,98,0.99521,3.34,0.52,10.2
4726,0,6.9,0.31,0.33,12.7,0.038,33,116,0.9954,3.04,0.65,10.4
4727,0,6.3,0.48,0.48,1.8,0.035,35,96,0.99121,3.49,0.74,12.2
4728,0,6,0.25,0.28,7.7,0.053,37,132,0.99489,3.06,0.5,9.4
4729,0,7.2,0.21,0.31,10.5,0.035,36,122,0.99478,3.12,0.4,10.6
4730,0,6.8,0.32,0.43,1.6,0.05,4,65,0.99346,3.27,0.47,10.7
4731,0,7.9,0.3,0.6,1.85,0.048,13,106,0.99331,3.24,0.49,11.85
4732,0,5.3,0.31,0.38,10.5,0.031,53,140,0.99321,3.34,0.46,11.7
4733,0,5.3,0.31,0.38,10.5,0.031,53,140,0.99321,3.34,0.46,11.7
4734,0,5.2,0.185,0.22,1,0.03,47,123,0.99218,3.55,0.44,10.15
4735,0,5.5,0.16,0.31,1.2,0.026,31,68,0.9898,3.33,0.44,11.63333333
4736,0,6,0.17,0.36,1.7,0.042,14,61,0.99144,3.22,0.54,10.8
4737,0,6,0.16,0.36,1.6,0.042,13,61,0.99143,3.22,0.54,10.8
4738,1,6.1,0.24,0.32,9,0.031,41,134,0.99234,3.25,0.26,12.3
4739,0,5.5,0.3,0.25,1.9,0.029,33,118,0.98972,3.36,0.66,12.5
4740,0,5.5,0.16,0.31,1.2,0.026,31,68,0.9898,3.33,0.44,11.65
4741,0,6,0.32,0.46,1.5,0.05,56,189,0.99308,3.24,0.49,9.6
4742,0,6.1,0.27,0.31,3.9,0.034,42,137,0.99218,3.24,0.46,10.9
4743,0,6,0.27,0.32,3.6,0.035,36,133,0.99215,3.23,0.46,10.8
4744,0,6,0.14,0.37,1.2,0.032,63,148,0.99185,3.32,0.44,11.2
4745,0,5,0.24,0.19,5,0.043,17,101,0.99438,3.67,0.57,10
4746,0,6.1,0.26,0.25,2.9,0.047,289,440,0.99314,3.44,0.64,10.5
4747,0,6.3,0.23,0.5,10.4,0.043,61,132,0.99542,2.86,0.46,9.1
4748,0,5.6,0.26,0.5,11.4,0.029,25,93,0.99428,3.23,0.49,10.5
4749,0,6.1,0.34,0.24,18.35,0.05,33,184,0.99943,3.12,0.61,9.3
4750,0,6.2,0.35,0.25,18.4,0.051,28,182,0.99946,3.13,0.62,9.3
4751,0,6,0.14,0.37,1.2,0.032,63,148,0.99185,3.32,0.44,11.2
4752,0,7.3,0.36,0.62,7.1,0.033,48,185,0.99472,3.14,0.62,10.6
4753,1,5.1,0.25,0.36,1.3,0.035,40,78,0.9891,3.23,0.64,12.1
4754,0,5.5,0.16,0.26,1.5,0.032,35,100,0.99076,3.43,0.77,12
4755,0,6.4,0.19,0.35,10.2,0.043,40,106,0.99632,3.16,0.5,9.7
4756,0,6.6,0.29,0.73,2.2,0.027,21,92,0.99,3.12,0.48,12.4
4757,1,6,0.38,0.26,3.5,0.035,38,111,0.98872,3.18,0.47,13.6
4758,1,6,0.38,0.26,3.5,0.035,38,111,0.98872,3.18,0.47,13.6
4759,0,6.5,0.2,0.35,3.9,0.04,27,140,0.99102,2.98,0.53,11.8
4760,0,6.6,0.17,0.26,7.4,0.052,45,128,0.99388,3.16,0.37,10
4761,0,6.6,0.17,0.26,7.4,0.052,45,128,0.99388,3.16,0.37,10
4762,0,6.2,0.15,0.27,11,0.035,46,116,0.99602,3.12,0.38,9.1
4763,1,5.9,0.48,0.3,1.5,0.037,19,78,0.99057,3.47,0.42,11.9
4764,1,5.3,0.4,0.25,3.9,0.031,45,130,0.99072,3.31,0.58,11.75
4765,0,5.9,0.26,0.29,5.4,0.046,34,116,0.99224,3.24,0.41,11.4
4766,1,5.2,0.3,0.34,1.5,0.038,18,96,0.98942,3.56,0.48,13
4767,1,6.4,0.32,0.25,5,0.055,28,138,0.99171,3.27,0.5,12.4
4768,1,6.6,0.19,0.25,1.2,0.052,34,181,0.99352,3.3,0.42,9.4
4769,0,6.8,0.27,0.3,13,0.047,69,160,0.99705,3.16,0.5,9.6
4770,0,6.8,0.27,0.3,13,0.047,69,160,0.99705,3.16,0.5,9.6
4771,0,6.8,0.27,0.3,13,0.047,69,160,0.99705,3.16,0.5,9.6
4772,0,6.8,0.27,0.3,13,0.047,69,160,0.99705,3.16,0.5,9.6
4773,0,6.4,0.28,0.45,8.6,0.057,47,223,0.99654,3.16,0.51,9.1
4774,1,5.2,0.21,0.31,1.7,0.048,17,61,0.98953,3.24,0.37,12
4775,0,7.1,0.24,0.34,1.2,0.045,6,132,0.99132,3.16,0.46,11.2
4776,0,5,0.27,0.4,1.2,0.076,42,124,0.99204,3.32,0.47,10.1
4777,0,5.8,0.27,0.4,1.2,0.076,47,130,0.99185,3.13,0.45,10.3
4778,0,5.9,0.27,0.32,2,0.034,31,102,0.98952,3.16,0.56,12.3
4779,0,5.8,0.315,0.19,19.4,0.031,28,106,0.99704,2.97,0.4,10.55
4780,0,6,0.59,0,0.8,0.037,30,95,0.99032,3.1,0.4,10.9
4781,0,5.8,0.3,0.09,6.3,0.042,36,138,0.99382,3.15,0.48,9.7
4782,0,5.6,0.3,0.1,6.4,0.043,34,142,0.99382,3.14,0.48,9.8
4783,0,6.7,0.3,0.5,12.1,0.045,38,127,0.9974,3.04,0.53,8.9
4784,0,6.7,0.3,0.5,12.1,0.045,38,127,0.9974,3.04,0.53,8.9
4785,0,6.4,0.31,0.31,12.9,0.045,55,161,0.99546,3.02,0.59,10.2
4786,1,6.9,0.25,0.29,2.4,0.038,28,76,0.99088,3.01,0.36,11.7
4787,1,4.4,0.32,0.39,4.3,0.03,31,127,0.98904,3.46,0.36,12.8
4788,1,3.9,0.225,0.4,4.2,0.03,29,118,0.989,3.57,0.36,12.8
4789,0,6.4,0.31,0.31,12.9,0.045,55,161,0.99546,3.02,0.59,10.2
4790,0,5.5,0.62,0.33,1.7,0.037,24,118,0.98758,3.15,0.39,13.55
4791,0,6.2,0.3,0.42,2.2,0.036,28,128,0.9901,3.13,0.38,11.6
4792,0,6.7,0.3,0.5,12.1,0.045,38,127,0.9974,3.04,0.53,8.9
4793,0,4.7,0.785,0,3.4,0.036,23,134,0.98981,3.53,0.92,13.8
4794,0,6,0.31,0.32,7.4,0.175,47,159,0.9952,3.19,0.5,9.4
4795,0,6,0.32,0.3,7.3,0.174,46,159,0.99519,3.18,0.49,9.4
4796,1,6.4,0.105,0.29,1.1,0.035,44,140,0.99142,3.17,0.55,10.7
4797,1,6.4,0.105,0.29,1.1,0.035,44,140,0.99142,3.17,0.55,10.7
4798,0,5.7,0.33,0.32,1.4,0.043,28,93,0.9897,3.31,0.5,12.3
4799,0,5.9,0.32,0.19,14.5,0.042,37,115,0.99684,3.16,0.43,10.3
4800,0,6.2,0.26,0.2,8,0.047,35,111,0.99445,3.11,0.42,10.4
4801,1,6,0.2,0.33,1.1,0.039,45,126,0.99051,3.31,0.45,11.6
4802,1,6.4,0.105,0.29,1.1,0.035,44,140,0.99142,3.17,0.55,10.7
4803,1,5.8,0.28,0.34,2.2,0.037,24,125,0.98986,3.36,0.33,12.8
4804,1,6.4,0.31,0.5,5.8,0.038,42,111,0.99189,3.18,0.53,11.9
4805,0,6,0.35,0.46,0.9,0.033,9,65,0.98934,3.24,0.35,12.1
4806,0,5.1,0.26,0.34,6.4,0.034,26,99,0.99449,3.23,0.41,9.2
4807,0,6.6,0.28,0.09,10.9,0.051,37,131,0.99566,2.93,0.62,9.5
4808,0,6,0.17,0.3,7.3,0.039,39,104,0.99252,2.91,0.57,11
4809,0,7.3,0.35,0.67,8.3,0.053,10,100,0.9959,3.19,0.5,10.9
4810,0,6,0.26,0.24,1.3,0.053,66,150,0.9924,3.21,0.62,10.4
4811,0,5.4,0.375,0.4,3.3,0.054,29,147,0.99482,3.42,0.52,9.1
4812,0,7,0.17,0.42,1,0.075,19,71,0.99103,3.32,0.62,11.4
4813,1,5.1,0.26,0.33,1.1,0.027,46,113,0.98946,3.35,0.43,11.4
4814,0,5.8,0.36,0.5,1,0.127,63,178,0.99212,3.1,0.45,9.7
4815,0,5.7,0.4,0.35,5.1,0.026,17,113,0.99052,3.18,0.67,12.4
4816,1,6.2,0.76,0.01,3.2,0.041,18,120,0.99026,3.2,0.94,13.7
4817,0,6.1,0.41,0.2,12.6,0.032,54,136,0.99516,2.91,0.43,10.6
4818,0,5.8,0.385,0.25,3.7,0.031,38,122,0.99128,3.2,0.63,11.2
4819,0,6,0.27,0.4,1.7,0.021,18,82,0.9891,3.24,0.95,13.13333333
4820,0,5.7,0.4,0.35,5.1,0.026,17,113,0.99052,3.18,0.67,12.4
4821,0,5.8,0.36,0.5,1,0.127,63,178,0.99212,3.1,0.45,9.7
4822,0,7,0.24,0.47,1.3,0.043,18,131,0.99176,3.19,0.45,11
4823,0,6.8,0.23,0.48,1.5,0.036,35,165,0.99162,3.18,0.45,11.3
4824,1,6.5,0.28,0.34,4.6,0.054,22,130,0.99193,3.2,0.46,12
4825,0,6.4,0.23,0.35,10.3,0.042,54,140,0.9967,3.23,0.47,9.2
4826,0,6,0.34,0.29,6.1,0.046,29,134,0.99462,3.48,0.57,10.7
4827,0,6,0.34,0.29,6.1,0.046,29,134,0.99462,3.48,0.57,10.7
4828,0,6.7,0.22,0.33,1.2,0.036,36,86,0.99058,3.1,0.76,11.4
4829,0,6.4,0.23,0.35,10.3,0.042,54,140,0.9967,3.23,0.47,9.2
4830,1,6,0.32,0.33,9.9,0.032,22,90,0.99258,3.1,0.43,12.1
4831,0,5.8,0.29,0.27,1.6,0.062,17,140,0.99138,3.23,0.35,11.1
4832,0,5.8,0.38,0.26,1.1,0.058,20,140,0.99271,3.27,0.43,9.7
4833,0,5.9,0.32,0.26,1.5,0.057,17,141,0.9917,3.24,0.36,10.7
4834,0,5.6,0.33,0.28,1.2,0.031,33,97,0.99126,3.49,0.58,10.9
4835,1,5.9,0.37,0.3,1.5,0.033,35,95,0.98986,3.36,0.56,12
4836,0,5.6,0.295,0.26,1.1,0.035,40,102,0.99154,3.47,0.56,10.6
4837,0,6.7,0.5,0.36,11.5,0.096,18,92,0.99642,3.11,0.49,9.6
4838,0,6.5,0.28,0.38,7.8,0.031,54,216,0.99154,3.03,0.42,13.1
4839,0,5.3,0.275,0.24,7.4,0.038,28,114,0.99313,3.38,0.51,11
4840,0,5.2,0.405,0.15,1.45,0.038,10,44,0.99125,3.52,0.4,11.6
4841,1,6.8,0.34,0.36,8.9,0.029,44,128,0.99318,3.28,0.35,11.95
4842,0,5.7,0.22,0.25,1.1,0.05,97,175,0.99099,3.44,0.62,11.1
4843,0,6.2,0.28,0.57,1,0.043,50,92,0.99004,3.17,0.36,11.5
4844,0,5.6,0.34,0.25,2.5,0.046,47,182,0.99093,3.21,0.4,11.3
4845,0,4.8,0.29,0.23,1.1,0.044,38,180,0.98924,3.28,0.34,11.9
4846,0,6.6,0.38,0.29,2.4,0.136,15,93,0.99336,3.18,0.6,9.5
4847,0,5.1,0.3,0.3,2.3,0.048,40,150,0.98944,3.29,0.46,12.2
4848,1,4.4,0.54,0.09,5.1,0.038,52,97,0.99022,3.41,0.4,12.2
4849,0,7,0.36,0.35,2.5,0.048,67,161,0.99146,3.05,0.56,11.1
4850,0,6.4,0.33,0.44,8.9,0.055,52,164,0.99488,3.1,0.48,9.6
4851,0,7,0.36,0.35,2.5,0.048,67,161,0.99146,3.05,0.56,11.1
4852,0,6.4,0.33,0.44,8.9,0.055,52,164,0.99488,3.1,0.48,9.6
4853,0,6.2,0.23,0.38,1.6,0.044,12,113,0.99176,3.3,0.73,11.4
4854,0,5.2,0.25,0.23,1.4,0.047,20,77,0.99001,3.32,0.62,11.4
4855,0,6.2,0.35,0.29,3.9,0.041,22,79,0.99005,3.1,0.59,12.06666667
4856,0,7.1,0.23,0.39,13.7,0.058,26,172,0.99755,2.9,0.46,9
4857,0,7.1,0.23,0.39,13.7,0.058,26,172,0.99755,2.9,0.46,9
4858,0,7.5,0.38,0.33,9.2,0.043,19,116,0.99444,3.08,0.42,11.4
4859,0,6.4,0.35,0.51,7.8,0.055,53,177,0.99502,3.12,0.45,9.6
4860,0,6,0.43,0.34,7.6,0.045,25,118,0.99222,3.03,0.37,11
4861,0,6,0.52,0.33,7.7,0.046,24,119,0.99224,3.04,0.38,11
4862,0,5.5,0.31,0.29,3,0.027,16,102,0.99067,3.23,0.56,11.2
4863,0,5.9,0.22,0.3,1.3,0.052,42,86,0.99069,3.31,0.47,11.55
4864,1,6.2,0.36,0.32,4,0.036,44,92,0.98936,3.2,0.5,13.3
4865,0,6,0.41,0.23,1.1,0.066,22,148,0.99266,3.3,0.47,9.633333333
4866,0,6.2,0.355,0.35,2,0.046,31,95,0.98822,3.06,0.46,13.6
4867,0,5.7,0.41,0.21,1.9,0.048,30,112,0.99138,3.29,0.55,11.2
4868,0,5.3,0.6,0.34,1.4,0.031,3,60,0.98854,3.27,0.38,13
4869,0,5.8,0.23,0.31,4.5,0.046,42,124,0.99324,3.31,0.64,10.8
4870,0,6.6,0.24,0.33,10.1,0.032,8,81,0.99626,3.19,0.51,9.8
4871,1,6.1,0.32,0.28,6.6,0.021,29,132,0.99188,3.15,0.36,11.45
4872,0,5,0.2,0.4,1.9,0.015,20,98,0.9897,3.37,0.55,12.05
4873,0,6,0.42,0.41,12.4,0.032,50,179,0.99622,3.14,0.6,9.7
4874,0,5.7,0.21,0.32,1.6,0.03,33,122,0.99044,3.33,0.52,11.9
4875,0,5.6,0.2,0.36,2.5,0.048,16,125,0.99282,3.49,0.49,10
4876,0,7.4,0.22,0.26,1.2,0.035,18,97,0.99245,3.12,0.41,9.7
4877,1,6.2,0.38,0.42,2.5,0.038,34,117,0.99132,3.36,0.59,11.6
4878,0,5.9,0.54,0,0.8,0.032,12,82,0.99286,3.25,0.36,8.8
4879,0,6.2,0.53,0.02,0.9,0.035,6,81,0.99234,3.24,0.35,9.5
4880,0,6.6,0.34,0.4,8.1,0.046,68,170,0.99494,3.15,0.5,9.533333333
4881,0,6.6,0.34,0.4,8.1,0.046,68,170,0.99494,3.15,0.5,9.533333333
4882,0,5,0.235,0.27,11.75,0.03,34,118,0.9954,3.07,0.5,9.4
4883,0,5.5,0.32,0.13,1.3,0.037,45,156,0.99184,3.26,0.38,10.7
4884,0,4.9,0.47,0.17,1.9,0.035,60,148,0.98964,3.27,0.35,11.5
4885,0,6.5,0.33,0.38,8.3,0.048,68,174,0.99492,3.14,0.5,9.6
4886,0,6.6,0.34,0.4,8.1,0.046,68,170,0.99494,3.15,0.5,9.55
4887,1,6.2,0.21,0.28,5.7,0.028,45,121,0.99168,3.21,1.08,12.15
4888,1,6.2,0.41,0.22,1.9,0.023,5,56,0.98928,3.04,0.79,13
4889,0,6.8,0.22,0.36,1.2,0.052,38,127,0.9933,3.04,0.54,9.2
4890,0,4.9,0.235,0.27,11.75,0.03,34,118,0.9954,3.07,0.5,9.4
4891,0,6.1,0.34,0.29,2.2,0.036,25,100,0.98938,3.06,0.44,11.8
4892,0,5.7,0.21,0.32,0.9,0.038,38,121,0.99074,3.24,0.46,10.6
4893,0,6.5,0.23,0.38,1.3,0.032,29,112,0.99298,3.29,0.54,9.7
4894,0,6.2,0.21,0.29,1.6,0.039,24,92,0.99114,3.27,0.5,11.2
4895,0,6.6,0.32,0.36,8,0.047,57,168,0.9949,3.15,0.46,9.6
4896,0,6.5,0.24,0.19,1.2,0.041,30,111,0.99254,2.99,0.46,9.4
4897,1,5.5,0.29,0.3,1.1,0.022,20,110,0.98869,3.34,0.38,12.8
4898,0,6,0.21,0.38,0.8,0.02,22,98,0.98941,3.26,0.32,11.8
